,city,meal_cheap,meal_mid,meal_mcd,r_beer_dom,r_beer_imp,r_cappuccino,r_coke,r_water,milk_1L,bread_white,rice_1kg,eggs_doz,cheese_local_1kg,chicken_fillet_1kg,beef_round_1kg,apple_1kg,banana_1kg,orange_1kg,tomato_1kg,potato_1kg,onion_1kg,lettuce,water_1.5L,winebottle_mid,beer_dom,beer_imp,cigarettes_20,ticket,ticket_month,taxi_start,taxi_1km,taxi_1hrwait,gas_1L,vw_golf,toyota_corolla,basic,mobile_1min,internet,gym_month,tennis_rent,cinema,preschool,primary_school,jeans,summer_dress,shoes_running,shoes_business,bed1_centre,bed1_out,bed3_centre,bed3_out,buy_centre,buy_out,salary,mortgage,data_quality,lat,lng,province,population
0,Toronto,25.57,117.62,13.29,7.16,8.78,4.95,2.69,2.11,3.48,3.51,4.04,4.08,15.84,16.45,18.13,4.42,1.74,4.40,4.64,3.88,3.41,3.17,2.30,16.37,3.23,3.84,17.64,3.33,159.56,4.57,1.79,31.71,1.99,28638.02,27080.09,176.58,0.46,75.78,64.39,24.01,15.35,1600.47,27149.02,83.72,52.29,126.49,141.77,2385.33,1968.86,3772.09,3176.91,13571.84,10003.85,4484.71,7.23,1,43.7417,-79.3733,Ontario,2794356
1,Montreal,20.45,92.05,13.29,8.18,8.18,4.93,2.43,1.89,2.99,3.88,4.00,3.96,15.73,15.28,17.50,4.37,2.06,4.29,4.79,2.54,2.70,2.87,2.32,16.37,3.31,3.71,15.35,3.57,96.14,4.08,1.79,42.19,2.03,30683.60,26724.86,110.52,0.51,65.63,40.96,19.35,15.35,921.15,11659.77,86.65,49.46,128.30,153.86,1442.90,1104.22,2548.29,1852.91,8376.13,4813.22,3897.04,7.47,1,45.5089,-73.5617,Quebec,1762949
2,Vancouver,25.06,115.06,12.27,7.16,9.20,5.24,2.68,2.44,3.02,3.60,4.75,4.94,17.51,15.90,20.29,4.35,1.97,4.75,4.82,3.71,2.75,3.15,2.65,20.45,3.44,4.07,19.43,3.17,131.43,3.84,1.97,37.12,2.18,30683.60,26442.04,126.86,0.36,86.87,63.81,15.59,17.39,1462.58,28694.92,80.99,52.26,120.54,158.16,2483.94,2073.86,4654.86,3231.17,13776.84,10905.80,4795.35,6.15,1,49.25,-123.1,British Columbia,662248
3,Calgary,25.57,86.94,12.27,7.16,8.18,5.18,2.42,2.11,2.39,3.01,3.55,4.00,15.01,14.50,19.14,5.31,2.01,4.84,5.22,3.05,3.62,3.34,2.25,15.35,3.52,3.95,16.37,3.68,114.55,4.08,1.97,35.80,1.74,28638.02,27323.63,261.55,0.28,88.80,81.41,27.82,15.58,1122.51,16393.81,74.62,60.80,104.58,140.64,1547.96,1246.31,2727.21,2076.84,4593.32,3658.45,5254.96,6.32,1,51.05,-114.0667,Alberta,1306784
4,Edmonton,25.57,92.05,12.27,7.16,8.18,5.23,2.51,2.39,2.72,3.06,4.21,3.71,14.84,15.37,18.45,5.23,1.92,4.68,5.06,2.77,2.43,3.31,2.32,15.35,2.83,3.70,17.39,3.57,102.27,3.78,1.68,30.68,1.74,30683.60,25252.85,261.37,0.36,81.54,64.83,20.20,15.35,981.87,82001.92,73.46,42.27,108.70,136.94,1251.55,1029.12,2118.80,1591.36,3036.50,2541.28,4696.17,6.65,1,53.5344,-113.4903,Alberta,1010899
5,Ottawa,25.57,86.94,12.27,7.16,9.20,5.08,2.70,2.01,2.55,3.01,4.18,4.02,15.41,16.01,16.70,4.80,1.67,4.04,4.64,2.29,2.48,2.72,2.08,15.35,3.16,3.06,15.35,3.78,126.57,4.08,1.90,24.55,1.97,29149.42,26445.31,165.57,0.29,82.14,72.24,32.87,15.35,1340.99,19688.64,73.57,50.04,108.87,147.22,1754.86,1380.76,2815.86,2224.56,6739.99,4990.83,4581.20,7.36,1,45.4247,-75.695,Ontario,1017449
6,Winnipeg,20.45,76.71,11.34,6.14,7.16,4.66,2.43,2.10,1.85,2.68,4.07,3.84,12.72,14.74,18.13,5.00,1.90,4.87,5.19,3.53,3.24,3.12,2.19,15.35,3.64,4.49,18.92,3.17,106.37,3.84,1.64,32.02,1.93,27615.24,26480.82,200.54,0.39,83.75,45.83,29.92,14.32,726.94,17110.54,60.82,42.50,100.28,130.99,1128.66,1164.29,1861.70,1788.37,4193.42,3656.46,2960.97,6.21,1,49.8844,-97.1464,Manitoba,749607
7,Quebec City,20.53,81.82,13.29,7.16,7.16,4.80,2.14,1.55,2.13,3.35,4.53,3.66,16.42,12.27,18.98,3.96,1.88,3.77,4.69,3.35,2.17,2.35,1.31,15.35,2.13,3.51,14.32,3.57,91.02,3.57,1.79,39.88,1.99,25569.66,22184.25,133.29,0.46,70.35,50.34,38.86,14.32,914.31,8740.70,74.44,45.13,105.47,140.64,996.26,811.58,1715.13,1283.14,10675.82,2418.89,4156.66,6.98,1,46.8139,-71.2081,Quebec,549459
8,Kitchener,20.45,100.23,12.27,5.12,5.88,3.41,1.68,1.93,2.44,3.23,3.70,4.02,15.88,14.77,21.47,4.02,1.52,5.18,5.42,2.04,2.44,2.55,2.03,15.35,3.24,5.04,15.35,3.67,92.05,3.57,2.15,35.80,1.95,25760.93,26186.26,209.83,0.26,78.74,43.21,23.02,15.35,1125.06,0.00,61.58,47.31,91.91,130.12,1779.22,1600.07,2457.52,2277.40,8233.20,7812.33,4649.25,8.69,1,43.4186,-80.4728,Ontario,256885
9,Halifax,20.45,92.05,12.27,7.16,7.16,4.87,2.46,2.35,2.48,3.12,5.93,4.71,12.96,15.77,15.83,5.27,2.29,5.15,5.38,3.62,3.48,3.59,1.97,20.45,3.86,4.53,19.43,2.82,84.37,3.84,1.79,30.68,1.96,30683.60,27767.73,193.89,0.22,104.62,61.15,23.18,15.35,899.19,17643.07,91.11,50.25,122.67,142.00,1680.08,1342.82,2649.26,2076.71,5195.18,2897.89,4239.57,6.39,1,44.6475,-63.5906,Nova Scotia,439819
10,Victoria,25.57,92.05,12.27,8.18,8.18,5.15,2.73,2.44,3.44,3.70,4.86,4.98,16.84,17.64,18.56,5.04,1.75,5.35,6.60,3.68,3.41,3.48,2.59,19.43,3.46,3.77,17.39,2.55,86.94,3.75,2.61,42.61,2.19,32729.17,26733.08,134.47,0.25,96.86,70.09,16.05,15.29,1261.43,17878.31,83.02,43.53,110.76,146.35,2054.64,1664.36,3477.48,2842.88,10570.39,7588.08,4859.33,6.02,1,48.4283,-123.3647,British Columbia,91867
11,Mississauga,15.35,81.82,12.27,6.65,7.16,4.66,1.95,1.59,2.47,2.94,2.98,4.13,13.43,12.68,15.36,4.08,1.44,3.52,4.33,3.56,2.97,2.87,1.53,14.99,2.70,3.06,15.35,3.84,147.80,4.35,2.55,35.80,1.92,27240.90,25851.95,172.90,0.94,76.34,58.17,34.78,13.68,1616.01,36820.32,66.38,54.98,130.58,142.62,2167.03,1913.41,3300.45,2859.87,9956.33,7748.22,4710.34,6.51,1,43.6,-79.65,Ontario,717961
12,Hamilton,19.43,84.37,12.27,7.16,7.67,4.73,2.57,1.77,2.24,3.42,5.70,4.11,19.26,17.65,18.69,5.92,2.06,4.86,5.16,2.32,3.22,2.70,2.91,15.35,2.64,3.62,14.72,3.33,112.51,4.50,1.84,35.51,1.96,28740.31,27069.75,214.13,0.29,84.75,56.62,27.27,18.41,1159.16,15341.81,71.28,56.90,105.98,125.00,1646.69,1487.64,2618.33,2533.36,5928.15,5885.77,3886.59,6.38,1,43.2567,-79.8692,Ontario,569353
13,Brampton,15.35,92.05,10.23,6.90,7.16,3.60,2.29,1.35,2.29,2.65,2.43,3.09,20.45,11.69,18.02,4.31,1.99,4.72,4.11,2.43,1.79,2.51,1.81,15.35,2.55,2.55,16.57,4.08,122.74,5.12,2.04,25.57,2.04,26592.45,25620.80,328.84,0.41,79.20,41.79,26.43,15.35,1221.66,17387.38,54.32,43.40,87.33,82.39,1967.16,1566.92,2535.43,2293.63,8704.35,6686.00,4815.62,6.75,1,43.6833,-79.7667,Ontario,656480
14,Surrey,18.41,81.82,10.23,7.04,7.67,5.38,2.25,1.86,2.40,2.73,5.02,4.07,15.68,16.84,15.48,3.82,1.60,3.13,3.55,2.06,3.51,2.77,3.02,18.40,2.93,5.24,18.41,3.35,122.74,3.42,2.01,36.24,2.15,25569.66,24401.99,231.95,0.37,92.69,43.83,33.24,15.86,1252.92,3579.75,60.64,48.45,111.42,144.90,1733.06,1408.66,3298.49,2403.55,12477.08,7706.43,5244.48,7.34,1,49.19,-122.8489,British Columbia,568322
15,Laval,18.81,71.59,15.35,3.06,6.14,4.61,2.30,1.41,2.37,2.93,3.04,3.23,15.55,14.16,16.33,3.67,2.00,3.12,4.18,2.54,2.87,2.94,2.42,17.13,4.08,3.33,13.29,3.57,92.56,3.99,3.06,34.78,1.99,23518.98,19893.20,109.74,0.29,61.88,25.16,24.55,13.04,301.72,6307.18,63.07,46.02,120.18,105.86,1176.20,869.37,1380.76,1738.73,6648.11,6016.03,3772.95,7.27,1,45.5833,-73.75,Quebec,438366
16,London,23.02,102.27,13.29,6.14,6.14,4.69,2.55,1.93,2.35,3.05,3.77,3.71,14.97,11.03,17.68,4.53,1.55,4.15,5.52,2.46,2.48,2.72,1.88,15.35,3.30,4.08,14.72,3.06,97.17,3.96,2.04,25.57,1.92,30683.60,25478.82,179.03,0.35,82.39,40.19,36.82,15.33,1329.62,24463.08,94.67,51.60,110.08,125.04,1860.35,1473.22,3532.65,2182.28,9800.29,4781.53,4755.89,6.25,1,42.9836,-81.2497,Ontario,422324
17,Markham,28.28,122.74,12.27,5.63,6.39,4.15,2.98,2.33,3.67,2.55,2.54,3.57,14.26,15.00,20.80,3.92,1.59,3.66,4.94,2.57,2.50,2.76,1.95,18.41,3.53,3.42,15.35,3.99,156.49,4.35,2.25,26.59,1.97,25569.66,25126.46,168.73,0.59,60.42,59.91,15.35,14.84,971.64,23882.07,72.33,51.14,121.45,148.17,2071.15,1815.45,3341.10,3068.36,15412.86,13211.02,4397.84,8.28,1,43.8767,-79.2633,Ontario,338503
18,St. Catharines,23.02,76.71,11.25,6.90,5.63,4.00,1.48,1.39,2.47,2.58,5.19,3.33,12.94,11.27,17.37,3.99,1.64,3.53,4.06,2.46,3.06,2.95,1.92,14.32,1.44,3.63,14.84,3.06,94.10,4.08,4.08,25.88,2.01,37843.11,27001.56,202.32,0.32,84.77,37.08,27.27,12.27,818.23,0.00,49.10,36.43,90.35,113.53,1602.08,1387.66,2198.99,2042.63,4577.18,6144.01,6221.95,8.63,1,43.1833,-79.2333,Ontario,136803
19,Vaughan,20.45,102.27,13.81,6.14,8.18,4.77,2.50,2.17,3.31,2.94,4.43,3.46,17.39,18.85,9.00,4.35,2.32,4.24,4.29,3.13,3.30,2.28,2.69,18.92,3.06,4.90,15.35,3.97,159.56,3.93,2.30,30.68,1.95,25058.27,28978.95,223.50,0.30,78.34,47.31,40.92,13.29,1534.17,24546.87,75.10,56.25,115.27,158.36,2352.40,1994.43,4091.15,3068.36,7159.51,5113.94,4602.53,6.73,1,43.8333,-79.5,Ontario,323103
20,Gatineau,30.68,61.37,11.76,7.16,8.85,3.88,2.11,1.85,2.46,3.35,5.34,3.55,11.27,8.83,11.62,4.53,1.73,3.64,7.40,2.21,2.87,2.00,1.63,12.27,4.72,0.00,12.36,4.08,102.27,4.22,1.79,30.68,1.93,26883.95,20714.84,121.69,0.51,65.21,58.04,20.45,12.27,620.49,12273.44,55.52,37.26,103.98,118.64,1282.32,1061.14,1718.28,1544.41,5113.94,3357.80,3246.06,6.09,1,45.4833,-75.65,Quebec,291041
21,Windsor,20.45,81.82,12.27,5.88,6.90,4.89,2.15,1.78,1.99,2.32,2.84,3.52,14.74,11.54,12.25,4.46,1.44,5.04,3.27,2.33,2.37,2.91,2.36,19.43,3.06,3.96,14.46,3.33,133.40,3.93,2.54,34.78,1.81,28126.64,27419.88,206.02,0.29,83.34,53.92,24.88,13.29,528.44,3780.22,69.41,47.68,111.15,117.62,1403.49,1382.69,2244.45,2096.72,6418.52,2752.30,4111.03,9.33,1,42.2833,-83,Ontario,229660
22,Saskatoon,20.45,76.71,12.27,7.16,8.69,4.54,2.98,2.28,2.54,2.64,4.21,4.40,14.19,15.04,15.08,4.35,1.99,4.29,3.97,2.64,2.40,3.44,2.73,15.35,4.11,4.86,17.90,3.06,84.90,4.08,2.00,30.68,1.86,28638.02,28044.82,290.38,0.35,75.43,52.87,18.41,16.37,783.29,10892.67,66.47,57.85,114.77,150.86,1227.34,978.25,1872.98,1735.09,3302.75,4403.68,4471.03,6.43,1,52.1333,-106.6833,Saskatchewan,266141
23,Burnaby,17.39,81.82,12.27,6.14,8.18,4.39,2.30,1.61,2.01,2.95,2.70,3.64,14.90,11.80,16.71,4.76,2.08,4.17,6.31,4.49,5.23,2.15,1.49,15.35,3.45,3.84,15.35,3.20,137.05,3.57,1.97,35.25,2.32,29660.81,23255.61,137.39,0.26,87.67,40.92,20.45,15.35,1273.37,11966.60,65.59,47.31,107.10,104.84,2147.85,2004.66,4557.88,3034.26,9357.81,9357.81,4775.66,10.21,1,49.2667,-122.9667,British Columbia,249125
24,Regina,16.88,81.82,13.29,7.16,8.18,4.42,2.99,2.30,2.07,2.61,2.91,4.10,12.97,15.14,16.39,4.22,1.63,5.05,3.46,3.31,3.04,2.94,1.71,16.88,3.01,2.55,18.20,3.33,90.00,4.61,2.97,30.68,1.95,30683.60,31164.31,242.48,0.12,83.09,51.39,16.62,13.81,818.23,0.00,72.88,41.94,101.00,126.57,980.17,958.87,1779.65,1493.27,2752.30,2669.72,5136.80,7.20,1,50.4547,-104.6067,Saskatchewan,226404
25,Richmond,20.45,81.82,12.27,7.67,8.18,5.96,2.73,2.00,2.83,3.28,4.91,4.55,19.72,12.92,25.81,4.89,1.74,5.11,7.56,5.01,6.36,2.80,1.88,18.41,2.55,3.57,0.00,3.22,102.53,0.00,0.00,12.27,2.26,25058.27,33411.03,204.99,0.66,73.31,50.88,13.63,15.35,1431.90,9659.66,44.33,53.86,98.86,134.19,1948.41,2079.66,5267.35,3579.75,13211.02,10733.96,5162.51,7.73,1,49.1667,-123.1333,British Columbia,209937
26,Oakville,21.47,86.94,14.32,7.16,11.76,4.51,2.69,2.84,2.58,3.20,2.87,4.61,14.59,14.82,12.54,5.34,2.55,6.24,6.53,3.51,2.65,3.30,3.70,15.35,3.37,3.55,15.35,4.08,147.80,4.47,2.57,30.68,1.89,27356.98,26303.15,210.67,0.46,80.41,55.81,19.36,15.35,2011.47,23524.09,62.49,86.60,113.99,192.58,2011.47,1875.10,3477.48,3341.10,0.00,8543.12,4904.99,9.19,1,43.45,-79.6833,Ontario,213759
27,Burlington,23.02,92.05,11.92,7.16,8.18,4.25,2.30,2.07,2.87,3.13,3.15,3.82,21.43,11.48,20.62,4.22,1.77,4.84,7.67,1.68,2.28,2.62,3.57,16.37,2.95,4.50,17.39,3.57,70.57,3.57,3.27,30.68,2.03,29660.81,27887.98,145.23,0.23,75.31,46.53,17.90,15.84,1619.07,23012.70,62.04,46.02,116.76,164.41,2133.25,1858.06,3272.92,2838.23,10252.30,9889.92,6121.38,8.57,1,43.3167,-79.8,Ontario,186948
28,Barrie,20.45,81.82,13.29,6.65,7.41,4.60,2.69,2.33,2.70,3.06,3.35,4.42,11.43,17.43,25.38,5.22,2.66,4.13,6.56,4.25,5.33,3.74,0.77,15.35,2.48,3.41,16.37,3.33,106.37,3.33,2.55,30.68,1.92,25569.66,31039.53,251.30,0.61,91.29,49.86,25.57,13.29,1329.62,0.00,71.59,50.69,95.45,141.15,1898.55,1700.38,2710.39,2693.33,16513.77,13211.02,4602.53,9.58,1,44.3711,-79.6769,Ontario,147829
29,Oshawa,23.02,87.85,12.27,5.12,6.65,4.35,1.90,1.61,4.31,2.79,4.50,3.59,20.45,16.88,13.29,4.02,1.77,5.45,3.66,6.29,5.63,3.01,2.22,15.35,3.85,6.65,15.35,3.71,122.74,4.08,4.08,30.68,1.99,25569.66,33496.26,211.77,0.44,85.41,63.07,40.92,13.81,1176.20,0.00,56.25,65.21,147.03,117.62,1679.07,1431.90,2582.53,2761.52,0.00,0.00,7159.51,10.07,1,43.9,-78.85,Ontario,175383
30,Sherbrooke,15.35,81.82,11.25,6.14,7.56,3.77,2.55,2.01,2.55,3.01,4.18,3.91,10.41,14.59,10.98,4.64,1.67,4.04,4.64,2.29,2.48,1.92,2.08,15.35,3.16,3.06,14.32,3.38,83.46,3.57,1.79,24.55,1.97,23512.84,21450.90,165.57,0.29,55.85,26.43,0.00,9.72,613.67,19688.64,71.59,50.04,97.17,147.22,675.04,588.10,1451.08,1201.77,0.00,0.00,3716.12,7.36,0,45.4,-71.9,Quebec,172950
31,Saguenay,23.78,94.61,10.23,5.63,6.65,3.33,2.13,1.77,2.04,3.33,4.08,3.24,17.13,13.12,24.78,3.44,1.35,5.62,3.35,1.13,2.25,2.29,1.17,15.35,2.77,2.82,11.25,3.33,74.66,3.45,2.17,39.88,2.11,22792.80,25365.10,115.01,0.00,62.65,31.96,0.00,12.27,843.80,8182.30,74.15,51.14,90.78,102.27,511.39,357.97,920.50,664.82,0.00,0.00,0.00,8.11,0,48.4167,-71.0667,Quebec,144723
32,Kelowna,15.35,84.37,12.27,7.16,7.16,5.12,2.43,2.30,2.66,3.11,4.02,4.55,14.08,14.75,18.73,4.47,1.68,4.26,4.44,2.79,2.50,3.20,2.51,18.41,3.91,5.02,17.39,2.55,71.59,3.71,2.30,38.72,2.07,30320.50,25499.30,138.48,0.43,94.02,62.49,29.41,13.04,1094.38,24853.72,68.53,47.31,103.39,125.93,1795.42,1489.77,3045.63,2489.71,5348.33,4016.01,4305.19,8.29,1,49.8881,-119.4956,British Columbia,144576
33,Abbotsford,18.41,81.82,10.23,6.14,7.73,4.35,2.07,1.52,2.54,2.55,5.45,3.71,20.45,14.03,19.94,3.59,1.06,4.02,5.42,2.29,1.01,2.30,2.43,15.08,4.35,5.88,25.57,2.30,53.19,3.48,1.92,40.92,2.10,25058.27,25399.20,197.23,0.46,73.90,37.51,0.00,15.35,767.09,10227.87,60.09,36.31,107.13,146.60,1738.73,1483.04,3920.68,2795.62,6136.72,7048.71,3647.93,9.43,0,49.05,-122.3167,British Columbia,153524
34,Coquitlam,20.45,74.15,11.76,7.16,8.18,4.61,2.30,2.07,2.62,2.08,4.61,4.39,12.27,15.66,16.88,3.84,2.22,4.42,5.89,1.73,4.40,2.69,2.01,20.45,2.55,2.55,18.41,3.06,122.74,4.26,3.48,34.32,2.28,30683.60,24819.20,114.98,0.30,77.35,49.10,18.75,15.35,1227.34,16364.59,67.76,40.27,115.06,141.27,1917.73,1738.73,3451.90,3221.78,8668.11,8668.11,0.00,8.32,1,49.2839,-122.7919,British Columbia,148625
35,Trois-Rivieres,16.88,86.94,10.23,5.63,9.20,3.33,2.30,1.77,2.11,3.78,7.73,3.63,26.41,17.71,13.83,3.44,2.94,6.64,5.11,2.88,5.62,3.42,2.11,16.37,3.48,3.73,11.25,3.57,76.96,3.45,1.53,39.88,2.10,22792.80,27843.32,115.01,0.26,62.65,62.73,21.98,12.27,715.94,8182.30,83.10,51.14,90.78,131.68,572.76,673.33,1056.87,869.37,2454.69,1329.62,2812.66,10.35,0,46.35,-72.55,Quebec,139163
36,Guelph,19.43,102.27,10.23,5.63,7.41,4.71,2.13,1.86,2.24,3.49,4.64,4.97,28.12,14.06,20.88,4.11,1.64,5.37,4.10,2.68,4.22,3.62,2.80,16.88,3.26,3.20,16.37,3.06,81.82,3.06,2.46,32.73,1.92,23524.09,23623.82,175.89,0.44,82.99,52.51,8.86,15.86,1329.62,0.00,60.60,35.80,106.83,120.18,1742.15,1630.77,2760.39,2622.88,6233.38,4715.39,4670.72,11.14,1,43.55,-80.25,Ontario,143740
37,Cambridge,21.47,84.37,13.29,6.90,6.50,4.29,2.03,1.59,2.69,3.20,2.87,3.73,9.72,13.81,12.54,2.55,1.20,1.95,5.60,2.99,2.11,2.32,2.19,14.45,3.19,3.55,15.35,3.57,92.05,4.08,1.89,30.68,1.89,27356.98,26303.15,171.33,0.46,80.41,102.27,0.00,15.35,1125.06,23524.09,62.49,39.21,113.99,142.84,1534.17,1227.34,2556.96,1892.16,0.00,0.00,3136.55,10.01,0,43.3972,-80.3114,Ontario,138479
38,Whitby,17.90,87.85,12.27,5.12,7.16,4.25,2.13,1.44,3.20,2.79,4.50,3.59,20.45,11.48,15.35,4.22,1.77,5.12,3.66,3.06,3.06,2.62,2.22,15.35,3.06,5.12,15.35,3.84,136.54,4.86,3.27,30.68,1.92,25569.66,33496.26,211.69,0.44,69.04,41.76,13.81,14.06,1176.20,23012.70,62.04,46.02,92.90,159.39,1738.73,1227.34,2262.07,1841.02,11284.41,9357.81,0.00,8.57,0,43.8833,-78.9417,Ontario,138501
39,Ajax,28.28,92.05,12.27,6.14,8.17,4.15,2.43,1.92,2.66,2.55,2.54,3.57,13.29,15.00,20.80,3.92,2.15,3.66,6.24,3.33,2.50,3.06,2.04,15.35,2.87,3.42,15.35,3.84,119.66,4.35,2.25,26.59,1.95,25569.66,25126.46,168.73,0.51,71.59,42.34,15.35,14.32,1431.90,23882.07,71.59,51.14,112.51,105.69,1619.42,2209.21,2403.55,2275.70,6605.51,0.00,0.00,4.86,0,43.8583,-79.0364,Ontario,126666
40,Langley,20.45,81.82,13.81,6.65,8.18,4.86,2.43,2.00,1.96,3.16,4.42,5.00,16.41,11.32,19.94,4.89,2.29,6.17,5.80,3.60,4.95,2.80,1.88,15.35,4.35,7.16,17.37,3.35,112.64,3.42,1.92,51.14,2.25,30629.90,21289.30,172.31,0.28,97.04,41.55,0.00,15.35,818.23,9659.66,67.12,50.12,109.59,137.23,1559.75,1355.19,3017.22,4175.70,10596.34,8146.80,5267.35,6.22,0,49.1044,-122.5827,British Columbia,132603
41,Saanich,15.35,61.37,12.27,7.67,8.18,5.15,2.73,2.44,1.96,3.23,4.86,4.98,11.25,17.64,12.27,5.04,1.75,5.35,5.62,3.68,3.41,3.33,2.59,15.35,3.46,3.77,17.39,2.55,86.94,3.75,2.61,42.61,2.19,32729.17,26733.08,119.33,0.25,96.86,48.07,0.00,14.32,1261.43,17878.31,83.02,43.53,110.76,146.35,2045.57,1841.02,4091.15,3068.36,0.00,0.00,0.00,6.02,0,48.484,-123.381,British Columbia,117735
42,Moncton,24.55,81.82,10.74,6.65,7.16,5.45,2.26,1.96,3.62,3.64,5.51,4.76,15.07,13.54,11.66,6.86,2.25,6.09,4.57,4.79,5.60,3.56,3.34,18.41,4.26,5.27,20.45,2.94,70.57,3.27,2.70,30.68,2.03,20711.43,24188.90,182.64,0.68,91.15,64.43,13.63,15.35,698.05,0.00,69.90,69.90,97.87,129.55,1157.03,939.68,1914.07,1526.31,2761.52,2454.69,3213.85,7.89,1,46.1328,-64.7714,New Brunswick,79470
43,Waterloo,17.90,84.37,12.27,7.16,7.67,3.88,2.03,1.59,2.24,3.42,4.64,4.11,19.26,14.06,18.69,4.11,1.64,4.86,4.10,2.68,3.22,2.70,2.80,15.35,3.19,3.33,16.37,3.33,92.05,4.08,2.15,32.73,1.96,28525.52,27069.75,207.48,0.29,64.78,46.53,28.64,12.78,1159.16,15341.81,51.78,39.21,99.72,125.00,1688.53,1607.23,2727.43,2335.36,11009.18,0.00,5744.65,6.38,0,43.4667,-80.5167,Ontario,121436
44,Delta,17.08,94.61,10.35,6.65,8.18,4.77,2.35,1.71,2.18,2.04,3.57,4.08,0.00,8.18,0.00,5.12,2.04,2.04,4.08,2.04,2.04,2.04,2.04,15.35,0.00,0.00,12.27,3.06,0.00,3.68,2.39,56.25,2.21,27103.85,21376.24,409.11,0.30,75.00,88.64,23.02,12.27,1022.79,0.00,68.19,21.98,88.64,115.92,1355.19,0.00,0.00,0.00,10068.07,7670.90,0.00,9.03,0,49.0847,-123.0586,British Columbia,108455
45,Red Deer,20.45,74.15,12.14,5.12,7.16,4.68,2.04,2.00,2.11,3.09,4.22,3.56,9.96,12.83,12.82,5.06,2.07,4.21,4.91,2.80,3.04,2.40,2.29,20.45,3.85,5.24,15.70,2.55,60.09,3.68,2.00,34.78,1.68,30683.60,30683.60,271.57,0.30,99.72,63.05,40.92,13.29,715.94,0.00,66.36,48.22,100.57,135.39,1157.45,1038.13,1513.72,1261.43,1948.63,2066.55,4275.09,7.23,1,52.2681,-113.8111,Alberta,100844
46,Kamloops,20.45,69.04,10.23,5.63,5.37,4.28,2.64,1.61,4.07,3.77,4.71,5.88,12.27,16.37,24.80,5.44,1.89,5.42,4.04,3.16,3.82,3.01,1.88,16.37,3.06,3.11,17.39,2.04,55.23,3.84,2.04,34.78,2.08,38354.51,30811.45,170.15,0.68,91.15,49.61,37.51,14.32,1016.88,6648.11,56.25,44.56,94.10,148.31,1503.50,1358.03,2665.64,2239.91,8247.39,7499.03,3920.68,7.95,1,50.6761,-120.3408,British Columbia,97902
47,Newmarket,23.02,87.85,12.27,6.14,7.16,4.35,1.90,1.61,2.66,2.79,4.50,3.59,10.23,18.66,22.51,4.02,1.77,3.09,4.06,3.75,2.68,2.25,1.30,14.32,3.37,3.84,15.35,4.22,153.41,4.08,2.04,32.73,1.95,25569.66,26933.38,266.40,0.51,90.40,46.02,35.80,15.35,2279.11,49359.69,56.25,59.66,111.15,117.62,2267.17,2130.80,3204.73,2787.09,5113.94,3579.75,3341.10,6.47,0,44.05,-79.4667,Ontario,87942
48,White Rock,20.45,71.59,10.74,6.14,7.16,4.35,2.29,1.63,2.65,3.20,5.12,4.97,18.95,18.95,34.32,3.88,2.70,4.08,2.97,2.04,1.53,2.03,3.23,18.41,2.04,2.91,16.37,2.51,120.69,3.22,2.24,39.96,2.26,23267.38,25091.34,148.31,0.26,76.71,100.77,34.36,14.32,766.58,0.00,71.39,46.02,117.41,122.74,2493.04,1994.43,4909.38,3068.36,0.00,0.00,2659.25,10.58,0,49.025,-122.8028,British Columbia,21939
49,Brantford,23.02,92.05,12.78,6.90,8.18,4.26,2.36,2.07,2.87,2.90,3.15,3.73,11.90,11.48,13.29,3.30,1.77,3.24,1.53,4.20,2.28,2.62,2.73,16.37,2.95,4.50,17.18,3.06,153.41,3.57,3.27,30.68,2.03,29660.81,19432.95,171.33,0.23,75.31,49.35,0.00,12.78,1125.06,23012.70,62.04,46.02,90.78,113.86,1329.62,1483.04,2659.25,3272.92,0.00,0.00,2556.96,8.57,0,43.1667,-80.25,Ontario,104688
50,Lethbridge,23.02,79.27,11.76,6.65,7.92,4.60,2.36,2.04,2.08,3.49,8.10,5.16,22.47,13.51,24.12,7.05,3.39,5.95,6.60,3.01,5.63,3.89,2.91,15.35,3.57,5.20,16.62,3.20,78.76,3.74,2.22,35.80,1.77,24541.77,24067.45,279.95,0.23,92.94,65.90,21.61,18.41,1201.77,20558.01,61.70,35.52,114.54,181.54,1091.83,965.25,1771.77,1571.99,2972.48,2752.30,3347.25,6.69,1,49.6942,-112.8328,Alberta,98406
51,Pickering,22.51,76.71,10.23,6.39,7.67,4.22,1.97,1.60,2.14,2.73,4.08,3.57,13.29,12.61,20.45,3.06,1.02,5.63,5.63,3.57,3.06,2.04,2.04,20.45,4.08,7.16,13.81,3.33,119.66,3.20,1.02,51.14,1.84,25569.66,25910.59,196.03,0.51,71.59,56.25,38.35,12.27,818.23,0.00,66.47,37.51,84.12,119.33,1687.60,1610.89,0.00,2761.52,0.00,0.00,0.00,7.25,0,43.8354,-79.089,Ontario,99186
52,Nanaimo,19.69,89.49,13.29,7.67,8.18,4.24,2.43,2.17,3.15,3.33,3.44,5.11,16.37,17.19,22.62,5.77,1.85,5.26,5.71,3.89,4.02,3.49,2.30,18.41,4.26,4.86,18.41,2.94,66.47,3.66,2.46,61.37,2.17,28638.02,30785.88,218.08,0.63,104.12,42.61,24.29,16.37,1090.97,11932.52,68.75,49.74,104.84,133.21,1612.60,1505.88,2693.33,2519.47,4895.11,5221.48,3852.49,8.98,1,49.1642,-123.9364,British Columbia,99863
53,Sudbury,20.45,81.82,12.27,5.37,7.67,3.84,2.64,1.99,2.87,2.82,3.42,3.44,7.56,13.46,17.73,2.88,2.25,5.49,5.49,2.35,3.84,2.62,1.92,15.35,3.17,5.63,15.59,3.57,81.82,4.76,2.30,49.10,2.10,28635.47,37019.77,199.63,0.77,96.52,70.41,35.80,12.27,1125.06,12273.44,82.51,51.14,124.34,169.91,1372.24,1073.93,2326.85,2250.13,5339.45,3651.38,6392.42,10.18,1,46.49,-81.01,Ontario,166004
54,North Vancouver,25.57,102.27,12.27,7.16,9.20,4.86,2.33,2.35,2.40,3.91,4.08,5.11,25.57,11.08,22.55,5.01,2.50,5.04,3.20,3.06,3.09,3.23,2.61,19.43,3.52,4.86,15.86,3.06,135.01,4.08,2.22,34.04,2.36,25569.66,26081.06,116.35,0.00,90.35,100.23,14.32,15.35,1329.62,18839.73,72.62,52.67,106.11,138.08,1994.43,1738.73,4432.08,3511.56,13761.48,4812.78,5625.32,7.74,1,49.3641,-123.0066,British Columbia,88168
55,Chilliwack,18.41,81.82,12.27,5.75,7.16,4.39,1.85,1.13,2.01,2.95,2.70,4.13,14.90,11.80,15.66,4.65,2.04,4.17,8.60,2.62,3.70,2.15,2.39,15.35,1.97,4.08,16.37,2.04,45.00,3.48,1.97,35.25,2.18,29660.81,26027.37,137.39,0.26,87.67,43.98,6.47,14.31,1273.37,10227.87,65.59,41.73,97.17,104.84,1483.04,1610.89,2556.96,3272.92,3853.21,0.00,0.00,9.43,0,49.1577,-121.9509,British Columbia,93203
56,Maple Ridge,20.45,81.82,11.25,5.75,6.90,4.22,1.88,1.95,2.64,3.06,6.65,4.26,16.88,10.92,15.35,6.82,2.39,4.90,4.35,3.39,3.06,2.35,3.06,20.45,3.23,2.51,15.35,2.97,112.51,4.04,1.73,38.86,1.77,29047.14,29183.51,143.30,0.36,138.08,42.19,40.92,15.35,1193.24,0.00,56.00,85.23,136.80,144.47,1738.73,1395.08,2608.10,2577.43,0.00,0.00,0.00,7.76,0,49.2167,-122.6,British Columbia,90990
57,Peterborough,20.45,66.47,14.06,6.65,8.18,4.29,2.47,2.82,2.76,3.57,6.22,3.27,15.83,11.79,33.63,4.54,2.30,4.22,4.15,4.35,3.99,2.88,2.51,15.86,3.56,5.51,16.37,2.69,61.37,4.98,1.05,34.78,2.10,22792.80,23043.72,175.38,0.15,67.51,46.02,20.45,14.57,1176.63,12273.44,53.70,42.61,90.13,125.29,1465.99,1428.49,1917.73,2020.00,0.00,0.00,2413.44,9.20,1,44.3,-78.3167,Ontario,83651
58,Prince George,21.47,81.82,10.23,6.00,7.67,4.50,2.69,2.32,2.87,3.13,4.57,4.93,10.76,12.35,23.76,5.59,1.45,4.98,3.57,5.45,4.51,3.74,3.57,19.43,4.08,4.08,18.29,2.55,61.37,3.63,2.04,39.88,2.13,30683.60,31535.93,150.52,0.46,84.90,59.15,23.86,12.53,1022.79,0.00,64.78,45.51,132.96,125.93,1304.06,1073.93,2314.05,2493.04,0.00,1783.48,3835.45,6.02,1,53.9169,-122.7494,British Columbia,76708
59,Sault Ste. Marie,20.45,71.59,13.29,5.63,7.67,4.61,2.43,2.00,2.66,2.91,5.11,3.17,11.41,11.33,16.88,4.46,1.31,5.15,4.14,2.28,1.42,3.26,2.29,15.35,4.32,3.41,11.25,3.06,74.35,4.61,2.10,40.92,1.89,24035.49,21478.51,232.25,0.12,92.05,60.09,0.00,12.27,715.94,7159.51,65.21,42.19,99.21,133.98,1278.49,1150.63,1721.69,1960.35,2664.23,3500.92,3197.92,9.52,1,46.5333,-84.35,Ontario,72051
60,Sarnia,23.02,81.82,12.78,5.63,6.14,3.33,2.47,1.79,4.03,2.97,5.64,4.21,27.14,19.64,21.83,4.68,2.36,4.84,3.53,3.89,3.56,3.70,2.17,13.81,2.95,5.02,14.32,3.06,78.25,4.69,2.21,34.78,1.77,34544.62,28624.39,236.16,0.18,84.59,42.96,15.35,12.27,664.86,0.00,68.86,40.92,110.87,130.51,1167.00,1123.79,2352.40,2403.55,3196.20,2588.94,2250.13,8.54,1,42.9994,-82.3089,Ontario,72047
61,Chateauguay,12.27,40.92,7.67,0.00,0.00,3.57,0.00,0.00,2.01,3.52,3.57,3.06,11.25,21.13,0.00,3.37,1.74,6.13,6.65,2.30,5.11,2.62,2.24,12.16,0.00,0.00,0.00,0.00,0.00,0.00,0.00,0.00,1.84,0.00,0.00,0.00,0.00,0.00,0.00,0.00,0.00,0.00,0.00,0.00,0.00,0.00,0.00,0.00,0.00,0.00,0.00,0.00,0.00,0.00,0.00,0,45.38,-73.75,Quebec,50815
62,St. Albert,25.57,92.05,11.25,5.75,8.18,4.22,1.88,1.95,2.65,3.06,4.21,4.26,14.84,15.37,18.45,5.23,1.92,4.68,4.35,2.77,2.43,2.35,2.32,16.37,2.83,2.51,15.35,3.27,95.12,4.04,1.68,30.68,1.74,29149.42,26933.38,222.37,0.36,81.54,54.98,0.00,15.35,1084.16,82001.92,56.00,49.43,108.70,136.94,1252.92,1073.93,1534.17,1329.62,0.00,0.00,4773.01,7.04,0,53.6303,-113.6258,Alberta,68232
63,Granby,16.37,61.37,10.23,4.61,7.16,4.08,2.14,1.55,2.13,3.35,4.53,3.45,16.42,12.27,10.23,3.96,1.88,3.77,4.69,2.39,2.17,2.21,1.31,15.35,2.04,3.06,14.32,3.57,0.00,3.57,1.79,39.88,1.99,25569.66,20455.73,133.29,0.21,61.37,39.37,0.00,8.69,914.31,8740.70,74.44,45.13,105.47,140.64,629.02,613.67,984.44,920.50,0.00,0.00,2556.96,2.76,0,45.4,-72.7333,Quebec,69025
64,St. Thomas,0.00,0.00,0.00,0.00,0.00,0.00,0.00,0.00,4.24,3.57,3.06,3.71,16.89,7.67,15.79,8.18,2.32,5.12,5.84,6.44,5.24,4.08,2.29,23.02,2.93,2.55,13.29,0.00,0.00,0.00,0.00,51.14,2.08,0.00,0.00,0.00,0.00,204.56,0.00,0.00,0.00,0.00,0.00,0.00,0.00,0.00,0.00,0.00,0.00,0.00,0.00,0.00,0.00,0.00,3.04,0,42.775,-81.1833,Ontario,42840
65,Fredericton,25.57,81.82,12.27,6.14,8.18,4.64,2.26,1.89,2.90,3.41,7.41,3.78,20.07,16.19,18.13,6.69,1.95,4.87,5.85,2.76,3.20,3.15,1.96,15.35,4.06,4.44,16.88,2.82,81.82,6.14,2.15,34.78,1.89,30683.60,30171.95,173.16,0.08,103.43,64.27,24.55,14.70,746.64,30683.60,81.70,39.21,121.27,170.46,1188.70,1106.32,1812.89,1370.53,0.00,0.00,4475.12,9.04,1,45.9636,-66.6431,New Brunswick,63116
66,Welland,19.43,86.94,10.23,6.90,7.41,4.35,1.92,1.86,2.47,2.73,4.64,3.56,16.53,11.27,17.37,4.11,1.64,3.53,4.06,2.46,3.06,2.95,2.80,15.35,3.26,3.20,14.84,3.33,86.94,3.57,2.46,25.88,2.01,29650.58,23623.82,175.89,0.32,84.77,34.43,15.35,13.29,818.23,0.00,60.60,36.43,106.83,120.18,1431.90,1380.76,2386.50,2045.57,0.00,0.00,3324.06,8.63,0,42.9833,-79.2333,Ontario,55750
67,Belleville,15.35,51.14,12.27,6.14,8.18,4.06,2.10,1.95,3.31,2.94,4.08,3.46,17.39,13.00,9.00,4.35,2.04,3.57,2.04,3.06,1.02,1.02,1.02,13.81,3.06,4.90,15.35,3.06,66.47,3.93,3.63,34.78,1.95,25058.27,28978.95,223.50,0.30,78.34,56.25,30.68,12.78,1534.17,24546.87,66.47,40.92,115.27,126.15,1278.49,1073.93,2761.52,2352.40,0.00,0.00,3525.89,5.95,0,44.1667,-77.3833,Ontario,55071
68,Brandon,10.23,76.71,10.23,6.14,7.16,4.66,2.43,2.10,1.85,2.25,4.07,3.59,12.72,11.25,15.35,2.55,1.81,2.30,3.57,2.04,1.53,2.30,2.19,12.27,3.64,4.49,18.92,1.64,86.43,3.84,1.64,32.02,1.93,27615.24,26480.82,155.13,0.39,81.48,57.96,0.00,11.25,726.94,17110.54,47.04,42.50,91.02,40.92,869.37,1635.18,3732.49,3970.12,0.00,0.00,2507.87,6.21,0,49.8483,-99.95,Manitoba,51313
69,Rimouski,20.53,81.82,8.85,5.12,5.12,3.06,2.04,1.55,2.13,3.06,4.53,3.06,16.42,12.27,18.98,3.96,0.72,3.77,4.69,3.35,2.17,2.35,1.31,15.35,2.13,3.51,14.32,0.00,61.37,3.57,1.79,39.88,1.99,25569.66,22184.25,133.29,0.46,70.35,28.64,0.00,14.32,914.31,8740.70,40.92,45.13,81.82,140.64,659.70,613.67,1329.62,1022.79,0.00,0.00,0.00,6.98,0,48.45,-68.53,Quebec,48935
70,Cornwall,16.37,86.94,13.81,6.14,8.18,3.70,2.39,2.13,2.88,3.24,2.32,4.31,5.11,9.69,13.83,7.29,2.51,3.80,5.59,2.88,3.84,2.72,1.06,15.21,2.04,5.67,15.06,3.57,81.28,4.08,1.53,33.04,2.11,27615.24,20455.73,84.97,0.26,111.49,38.86,20.45,13.81,715.94,0.00,48.58,30.68,117.62,153.41,1108.02,920.50,1749.48,1943.29,3222.33,3222.33,0.00,9.04,0,45.0275,-74.74,Ontario,47845
71,Victoriaville,0.00,0.00,10.23,10.23,12.27,5.12,2.04,2.04,2.04,2.82,2.59,3.06,0.00,5.12,0.00,1.53,1.48,3.06,3.06,1.02,0.92,1.28,1.53,15.35,5.12,2.04,8.18,0.00,0.00,3.57,2.04,61.37,1.92,21989.91,23184.01,357.97,0.30,66.47,25.57,0.00,9.20,986.99,0.00,81.82,61.37,123.41,127.84,460.26,409.11,715.94,0.00,0.00,0.00,2198.99,3.04,0,46.05,-71.9667,Quebec,47760
72,Vernon,18.41,76.71,10.23,6.14,7.92,4.22,2.26,1.84,3.08,2.48,6.38,3.53,12.53,11.76,15.59,4.35,1.82,4.13,3.92,2.19,1.64,2.30,2.04,15.35,3.59,8.18,16.34,2.70,56.25,4.40,2.14,46.88,2.15,23010.15,29469.04,196.61,0.37,95.70,50.63,7.67,11.76,971.64,0.00,65.45,53.70,97.00,136.37,1329.48,1183.52,2369.46,2403.55,3853.21,3302.75,3886.59,8.63,1,50.267,-119.272,British Columbia,44519
73,Charlottetown,25.57,89.49,10.23,6.14,6.65,3.99,2.37,2.18,2.91,3.15,5.30,4.61,13.80,15.28,17.94,9.18,1.97,9.54,7.58,4.17,4.90,4.08,2.06,17.39,3.33,3.89,18.92,2.04,61.37,7.16,3.06,30.68,1.92,43468.43,30645.41,206.77,0.30,104.47,48.58,12.96,15.35,946.07,30683.60,71.59,38.35,84.37,115.06,1277.20,1089.99,1866.59,1693.99,3302.75,2157.80,2352.40,5.71,1,46.2403,-63.1347,Prince Edward Island,38809
74,Mascouche,16.88,105.86,10.23,5.63,9.20,3.33,2.04,1.77,2.04,2.04,5.12,3.06,26.41,9.20,25.20,2.04,2.04,2.04,4.08,4.08,2.04,3.06,2.11,16.37,3.48,2.04,11.25,3.33,119.15,3.57,2.04,61.37,2.10,21989.91,23184.01,95.88,0.06,62.65,21.14,25.57,12.27,986.99,8182.30,83.10,51.14,90.78,131.68,782.43,715.94,0.00,0.00,3068.36,3068.36,0.00,3.04,0,45.75,-73.6,Quebec,51183
75,Salaberry-de-Valleyfield,18.41,92.05,11.25,6.14,6.65,4.68,2.19,2.01,3.57,2.93,4.53,3.68,12.10,13.00,14.32,4.76,1.55,3.35,3.06,2.19,2.42,2.47,4.08,15.35,3.46,2.04,18.41,0.00,0.00,4.35,1.71,43.47,1.93,24628.71,23524.09,159.56,0.57,70.57,0.00,0.00,12.27,1350.08,0.00,63.63,28.64,90.89,115.92,0.00,0.00,1431.90,1431.90,0.00,0.00,0.00,10.28,0,45.25,-74.13,Quebec,42787
76,Rouyn-Noranda,12.78,81.82,11.76,5.37,6.14,4.26,3.06,1.88,2.43,3.64,4.57,3.57,16.17,12.35,22.02,6.06,2.00,5.52,5.63,3.80,2.76,2.39,1.71,15.35,4.10,3.96,12.27,3.06,35.80,4.08,5.12,0.00,2.17,0.00,23524.09,132.96,1.02,86.94,47.73,0.00,12.27,184.11,0.00,50.80,35.80,129.55,120.00,869.37,715.94,1431.90,1193.24,0.00,0.00,0.00,4.07,0,48.2333,-79.0167,Quebec,42313
77,Timmins,20.45,81.82,12.27,4.61,6.14,3.84,2.64,1.45,2.75,2.82,3.42,3.44,7.56,13.46,17.73,2.88,2.25,4.33,5.44,2.35,5.53,2.18,2.39,15.35,2.70,3.57,12.27,3.33,81.82,4.76,1.48,43.47,2.10,31195.00,21059.68,199.63,0.77,92.20,110.87,8.53,12.27,1125.06,12273.44,61.19,51.14,120.86,149.26,1073.93,903.46,1841.02,1534.17,3302.75,3853.21,4091.15,10.03,0,48.4667,-81.3333,Ontario,41145
78,Innisfil,20.45,81.82,13.29,6.65,7.41,4.60,2.69,2.11,2.70,3.06,3.35,4.08,11.43,16.45,18.13,4.42,1.74,4.13,4.64,3.88,3.41,3.17,2.04,16.37,2.48,3.41,16.37,0.00,0.00,3.33,1.79,30.68,1.99,25569.66,27080.09,251.30,0.46,91.29,51.14,0.00,14.84,1329.62,27149.02,71.59,50.69,95.45,141.77,1841.02,1534.17,3068.36,2556.96,11009.18,0.00,0.00,7.23,0,44.3,-79.5833,Ontario,43326
79,Prince Albert,15.35,69.55,12.27,6.14,7.16,3.77,2.75,2.43,1.57,2.29,6.14,4.08,11.59,18.44,20.37,6.29,3.67,4.77,6.04,4.08,3.92,2.21,2.36,27.10,2.57,3.06,14.32,2.55,0.00,3.57,3.06,34.78,1.85,54207.70,30683.60,204.56,1.02,77.74,0.00,30.68,12.59,767.09,16364.59,86.94,0.00,106.11,130.41,818.23,0.00,1329.62,1329.62,0.00,0.00,0.00,5.67,0,53.2,-105.75,Saskatchewan,37756
80,Campbell River,20.45,61.37,12.27,6.14,8.18,5.42,2.87,2.35,4.28,3.45,8.43,4.75,30.58,21.00,25.63,6.58,1.92,4.94,5.52,3.88,3.04,3.41,3.41,15.35,2.04,6.14,15.35,2.55,76.71,4.08,1.78,40.92,2.44,30172.21,33751.96,147.81,0.26,80.55,53.70,15.35,15.35,0.00,25569.66,64.76,64.78,147.03,146.25,1636.46,1453.21,2914.95,2582.53,4750.46,4271.57,3068.36,8.57,0,50.0244,-125.2475,British Columbia,35519
81,Spruce Grove,18.41,81.82,12.78,7.67,8.18,4.35,3.57,3.06,3.22,2.17,5.62,4.15,0.00,20.45,0.00,5.12,4.08,5.11,0.00,2.55,0.00,3.04,0.00,9.20,0.00,0.00,0.00,5.12,0.00,8.18,0.00,0.00,1.60,0.00,0.00,167.45,0.00,86.94,56.25,34.78,12.27,0.00,0.00,86.94,0.00,122.74,0.00,0.00,0.00,0.00,0.00,0.00,0.00,0.00,0.00,0,53.545,-113.9008,Alberta,37645
82,Moose Jaw,20.45,76.71,12.27,7.16,8.69,4.54,2.98,2.28,2.04,2.64,2.25,4.40,14.19,11.27,15.08,4.35,1.46,4.08,3.97,2.64,2.40,3.06,2.73,15.35,4.11,4.86,17.90,1.28,40.92,3.57,0.77,30.68,1.86,28638.02,27615.24,213.76,0.26,75.43,76.71,66.47,10.23,783.29,10892.67,40.92,35.80,109.94,140.64,0.00,0.00,0.00,0.00,0.00,0.00,1636.46,6.43,0,50.3933,-105.5519,Saskatchewan,33665
83,Penticton,18.41,74.15,10.23,6.14,8.18,4.79,2.07,2.04,2.54,2.83,2.04,4.28,20.45,14.03,19.94,2.99,1.06,4.02,4.02,2.79,1.01,2.88,2.43,15.08,3.28,3.06,15.35,2.30,0.00,3.74,1.92,33.75,2.10,25058.27,25399.20,197.23,0.46,73.90,67.33,12.96,15.35,1380.76,10227.87,75.82,61.16,119.66,166.03,1704.65,1363.72,2761.52,2454.69,7481.97,4402.03,0.00,9.43,0,49.4911,-119.5886,British Columbia,36885
84,Lloydminster,15.35,69.55,12.27,6.14,7.16,3.77,2.75,2.28,2.54,2.29,4.21,4.40,11.59,15.04,15.08,4.35,1.99,4.29,3.97,2.64,2.40,2.21,2.36,15.35,2.57,3.06,15.35,8.18,0.00,4.08,2.00,34.78,1.82,28638.02,28044.82,244.89,0.35,75.43,46.80,25.57,12.59,664.82,10892.67,66.47,57.85,106.11,130.41,767.09,767.09,1227.34,1227.34,0.00,0.00,0.00,5.67,0,53.2783,-110.005,Saskatchewan,31582
85,Orillia,18.41,153.41,13.81,7.16,9.20,5.80,3.75,2.22,3.71,3.23,4.89,3.06,0.00,17.51,0.00,6.47,1.32,5.35,5.48,5.70,4.17,3.85,3.57,13.81,0.00,0.00,13.29,2.66,0.00,3.45,1.71,34.78,2.06,51139.34,46025.40,282.54,0.00,115.92,103.56,71.59,15.35,900.05,0.00,67.84,55.57,136.37,167.05,1431.90,1150.63,2556.96,2352.40,0.00,0.00,0.00,0.00,0,44.6,-79.4167,Ontario,33411
86,Orangeville,51.14,127.84,20.45,5.22,0.00,5.12,1.53,1.79,2.35,3.75,3.35,6.14,17.94,13.63,0.00,2.94,2.55,4.35,5.45,2.90,2.80,3.06,1.53,0.00,0.00,0.00,16.88,2.04,86.94,5.12,1.28,0.00,2.06,0.00,0.00,281.27,0.51,85.23,61.37,0.00,10.23,1841.02,0.00,57.96,40.92,173.88,255.70,1589.75,0.00,2761.52,0.00,0.00,0.00,4909.38,0.00,0,43.9167,-80.1167,Ontario,30167
87,Fort Erie,15.35,81.82,9.98,6.14,7.16,4.35,1.92,1.59,2.47,2.73,2.98,3.56,13.43,12.68,15.36,4.08,1.44,3.52,4.33,1.13,2.97,2.87,1.53,14.99,2.70,3.06,11.41,3.57,76.71,3.57,2.55,35.80,2.06,27240.90,23524.09,152.19,0.94,76.34,66.47,30.68,13.29,818.23,36820.32,70.56,54.98,127.84,142.62,0.00,0.00,0.00,0.00,0.00,0.00,0.00,6.51,0,42.9167,-79.0167,Ontario,32901
88,Sept-Iles,21.47,98.19,14.84,0.00,0.00,0.00,0.00,2.04,3.02,4.14,9.63,4.50,16.67,21.47,29.66,7.76,2.32,9.03,6.33,3.35,3.92,3.22,3.06,21.47,0.00,0.00,0.00,0.00,0.00,0.00,0.00,0.00,0.00,0.00,0.00,134.66,0.32,81.48,0.00,0.00,8.18,0.00,0.00,61.37,0.00,143.19,0.00,1636.46,1534.17,2454.69,2045.57,0.00,0.00,0.00,0.00,0,50.2167,-66.3833,Quebec,24569
89,Courtenay,25.06,65.96,12.27,6.65,8.18,5.24,2.39,2.44,2.44,2.51,3.67,3.86,17.51,15.90,20.29,4.35,2.15,4.28,3.68,3.71,4.10,2.44,2.65,19.43,2.82,3.06,14.32,2.04,56.25,3.74,1.97,37.12,2.22,30683.60,22033.38,126.86,0.36,83.10,92.05,15.35,13.29,1462.58,3886.59,76.45,44.33,89.49,155.13,1457.47,1227.34,3034.26,2352.40,4954.13,3847.56,5151.39,5.15,0,49.6878,-124.9944,British Columbia,28420
90,Whitehorse,19.94,76.71,11.76,7.16,8.18,5.12,1.96,2.21,4.65,5.60,7.58,4.33,12.38,23.65,21.90,5.38,2.77,4.43,4.97,2.50,2.66,3.41,4.15,20.45,2.18,2.55,21.47,2.55,63.41,4.35,2.25,34.78,3.23,20455.73,27286.24,191.78,0.00,151.88,58.98,0.00,13.04,0.00,0.00,71.59,51.14,138.08,178.99,1534.17,1125.06,2250.13,2045.57,0.00,0.00,4522.76,12.08,0,60.7029,-135.0691,Yukon,28201
91,Fort Saskatchewan,40.92,71.59,11.51,8.18,8.18,5.80,3.13,2.39,3.41,3.75,6.29,4.61,14.32,13.98,12.78,5.77,2.82,6.44,4.90,5.45,3.75,3.27,3.33,25.57,2.10,4.61,20.45,2.55,0.00,3.57,3.20,51.14,1.68,28638.02,32729.17,135.45,0.00,98.53,55.92,0.00,16.37,1022.79,0.00,75.00,28.12,134.33,127.84,869.37,1022.79,1534.17,1713.17,0.00,0.00,5625.32,4.57,0,53.7128,-113.2133,Alberta,27088
92,Baie-Comeau,36.31,122.57,15.86,9.19,13.29,6.29,2.82,2.55,1.96,3.41,14.32,5.37,18.91,22.38,37.23,9.33,4.80,15.40,9.00,7.11,7.00,6.13,4.04,32.68,0.00,0.00,25.57,0.00,0.00,0.00,0.00,0.00,0.00,0.00,0.00,217.43,0.29,132.95,101.25,0.00,0.00,0.00,0.00,0.00,0.00,0.00,0.00,3375.19,3170.63,4244.56,4040.01,0.00,0.00,2966.08,6.25,0,49.2167,-68.15,Quebec,20687
93,Fort St. John,19.43,58.82,11.25,7.67,8.69,5.12,2.37,2.21,2.98,2.90,5.00,3.41,9.20,12.27,25.57,5.56,0.90,5.82,5.73,4.61,3.15,2.55,4.61,20.45,0.00,0.00,16.88,2.04,81.82,2.82,1.53,34.78,1.82,32217.78,26592.45,107.45,0.33,94.94,74.66,0.00,16.88,511.39,0.00,48.58,49.29,81.82,173.67,988.69,1173.65,1815.45,2045.57,0.00,0.00,4674.13,7.55,0,56.2465,-120.8476,British Columbia,21465
94,Corner Brook,21.47,127.84,15.35,5.37,7.16,5.45,2.47,2.28,4.39,3.48,15.35,4.57,0.00,12.78,0.00,5.12,3.06,7.16,5.12,4.08,4.08,4.08,4.08,23.02,0.00,0.00,20.45,2.55,0.00,2.82,3.06,0.00,2.06,51139.34,25569.66,164.15,0.51,121.45,90.35,0.00,11.25,1073.93,0.00,85.23,35.80,145.49,150.01,818.23,613.67,0.00,0.00,0.00,0.00,1636.46,7.53,0,48.9287,-57.926,Newfoundland and Labrador,19333
95,Yellowknife,23.02,153.41,13.29,10.23,10.74,6.14,3.06,3.41,4.54,3.06,4.43,4.49,11.25,12.78,45.00,7.36,1.95,6.39,8.69,6.90,4.60,3.74,4.44,20.45,0.00,0.00,21.22,3.06,71.59,4.86,2.04,34.78,2.00,23012.70,24546.87,342.64,0.00,267.95,147.54,46.02,13.29,1150.63,0.00,68.19,47.73,160.23,166.21,1764.30,1572.54,2531.40,2582.53,0.00,0.00,6545.84,6.20,0,62.4709,-114.4053,Northwest Territories,20340
96,Squamish,18.41,81.82,10.23,8.18,8.96,3.96,2.07,1.52,2.54,4.22,5.12,4.72,14.32,19.31,19.94,4.25,5.02,6.31,5.85,3.60,2.99,3.60,2.79,17.39,4.35,5.88,16.37,2.17,0.00,3.48,1.92,34.78,2.10,20455.73,20455.73,204.56,0.21,95.80,73.64,26.59,15.35,1585.32,14830.40,95.37,62.39,122.48,150.60,2028.53,1721.69,3579.75,3272.92,0.00,9368.82,3068.36,9.43,0,49.7017,-123.1589,British Columbia,23819
97,Riviere-du-Loup,0.00,0.00,0.00,0.00,0.00,0.00,0.00,0.00,2.04,2.04,2.04,2.55,0.00,0.00,0.00,0.00,0.00,0.00,0.00,0.00,0.00,3.06,0.00,15.35,0.00,0.00,0.00,0.00,0.00,0.00,0.00,0.00,0.00,0.00,0.00,81.82,0.00,71.59,0.00,8.18,10.23,0.00,0.00,92.05,102.27,81.82,117.62,0.00,0.00,0.00,0.00,0.00,0.00,0.00,2.94,0,47.8333,-69.5333,Quebec,20118
98,Cobourg,0.00,71.59,11.25,5.75,7.29,3.45,2.65,2.04,2.03,2.55,1.93,4.39,8.18,6.94,6.14,3.27,1.64,4.69,3.97,1.93,4.08,1.92,2.03,12.27,1.79,2.15,17.90,2.94,127.84,6.00,1.41,46.02,2.06,22881.27,22140.78,235.23,0.00,52.84,69.04,0.00,13.29,1431.90,27359.55,122.74,81.82,122.74,225.01,1942.61,3083.71,5812.49,2556.96,0.00,767.09,0.00,2.76,0,43.9667,-78.1667,Ontario,20519
99,Cranbrook,0.00,0.00,10.23,7.67,6.51,4.86,1.59,1.75,2.00,2.70,3.93,4.80,20.45,11.51,0.00,6.61,1.24,7.76,6.44,4.79,2.99,4.25,5.15,15.35,0.00,8.18,14.84,3.06,36.82,10.23,2.54,22.51,2.17,20967.13,22501.30,233.45,0.35,79.27,53.61,7.67,12.27,920.50,17390.44,76.37,79.10,125.11,139.78,1159.16,1125.06,2301.27,2198.99,0.00,0.00,3818.40,6.10,0,49.5097,-115.7667,British Columbia,20499
100,Salmon Arm,0.00,0.00,9.19,6.14,5.88,5.37,2.03,1.28,3.06,3.06,12.27,4.08,0.00,25.57,0.00,3.06,2.04,3.06,5.12,3.06,3.06,4.08,3.06,25.57,0.00,0.00,20.45,3.06,92.05,4.08,1.53,30.68,2.21,25569.66,25569.66,262.09,0.18,69.04,51.14,0.00,12.78,920.50,4091.15,63.76,40.92,102.27,102.27,1789.87,1789.87,2556.96,2556.96,0.00,0.00,0.00,2.76,0,50.7022,-119.2722,British Columbia,19432
101,Midland,0.00,0.00,12.27,6.14,8.18,4.08,2.04,2.04,0.00,0.00,0.00,0.00,0.00,0.00,0.00,0.00,0.00,0.00,0.00,0.00,0.00,0.00,0.00,0.00,0.00,0.00,0.00,0.00,0.00,0.00,0.00,0.00,0.00,0.00,0.00,0.00,0.00,0.00,0.00,0.00,0.00,0.00,0.00,0.00,0.00,0.00,0.00,0.00,0.00,0.00,0.00,0.00,0.00,0.00,0.00,0,44.75,-79.8833,Ontario,17817
102,Swift Current,0.00,0.00,0.00,0.00,0.00,0.00,0.00,0.00,1.53,2.80,0.00,4.08,0.00,0.00,0.00,0.00,1.78,0.00,4.49,0.00,0.00,0.00,3.06,0.00,0.00,0.00,0.00,3.06,0.00,8.18,0.00,0.00,1.79,0.00,0.00,0.00,0.00,102.27,51.14,0.00,0.00,0.00,0.00,92.05,0.00,0.00,0.00,0.00,0.00,1125.06,0.00,0.00,0.00,0.00,6.90,0,50.2881,-107.7939,Saskatchewan,16750
103,Yorkton,20.45,40.92,12.27,5.12,6.65,3.84,2.30,2.28,2.18,2.64,4.21,3.84,14.19,15.04,15.08,4.35,1.99,4.29,3.97,2.64,1.57,1.53,0.88,10.23,4.11,4.86,17.90,2.04,61.37,4.08,2.00,30.68,1.86,28638.02,28044.82,290.38,0.35,75.43,35.80,30.68,16.37,783.29,10892.67,66.47,57.85,114.77,150.86,0.00,0.00,0.00,0.00,0.00,0.00,0.00,6.43,0,51.2139,-102.4628,Saskatchewan,16280
104,Comox,25.06,102.27,12.02,5.12,8.18,5.12,2.39,1.60,1.74,2.64,3.67,4.55,17.51,15.90,20.29,4.35,1.97,4.75,4.82,3.84,2.75,2.44,1.75,19.43,2.93,3.06,16.37,2.04,56.25,3.74,1.97,37.12,2.18,30683.60,22033.38,126.86,0.36,86.87,61.37,0.00,14.84,1462.58,3886.59,76.71,44.33,89.49,158.16,1725.95,1841.02,2556.96,2198.99,0.00,0.00,4261.61,5.15,0,49.6733,-124.9022,British Columbia,14806
105,Summerside,16.37,81.82,12.27,6.14,8.18,4.64,2.26,1.89,2.90,3.06,7.41,3.78,8.69,16.19,18.13,6.69,1.95,4.87,5.85,2.76,3.20,3.15,1.96,15.35,4.06,4.44,14.56,0.00,0.00,5.12,2.15,34.78,1.89,30683.60,30171.95,102.27,0.08,103.43,51.14,0.00,14.06,746.64,30683.60,67.26,36.82,104.16,170.46,1073.93,792.66,1841.02,1534.17,0.00,0.00,0.00,9.04,0,46.4,-63.7833,Prince Edward Island,16001
106,Canmore,22.51,178.99,10.23,7.67,9.20,5.63,2.62,2.40,2.80,3.74,6.96,4.46,16.37,19.98,32.73,6.47,2.30,5.34,7.59,4.73,5.46,3.57,3.13,18.41,4.08,5.12,16.88,2.04,46.02,7.67,4.08,0.00,1.95,27255.22,16567.09,253.99,0.30,105.69,93.76,46.02,10.23,1329.62,0.00,92.05,81.82,115.06,153.41,1960.35,1806.92,3324.06,3272.92,6882.50,0.00,2454.69,9.66,0,51.089,-115.359,Alberta,15990
107,Powell River,25.57,76.71,12.78,8.18,11.25,4.86,2.43,3.44,2.39,3.30,6.73,5.63,24.92,12.34,9.72,6.65,2.99,6.29,6.82,4.61,5.29,3.84,3.15,14.84,5.12,10.23,15.35,2.55,30.68,2.91,2.54,40.92,2.26,0.00,0.00,132.81,0.00,83.53,72.62,0.00,12.27,0.00,0.00,57.53,53.70,103.56,126.15,1278.49,1278.49,1943.29,1909.20,5504.59,4403.68,3886.59,8.63,0,49.8353,-124.5247,British Columbia,13943
108,Truro,25.57,89.49,10.23,6.14,6.65,3.99,2.37,2.18,2.91,3.06,1.28,4.35,12.27,15.28,17.94,1.02,1.97,7.11,1.53,1.02,1.02,2.55,0.92,15.35,3.33,5.12,18.92,8.18,0.00,3.06,3.06,25.57,1.92,19030.28,17558.58,206.77,0.30,104.47,178.99,15.35,8.18,946.07,30683.60,66.47,38.35,81.82,81.82,0.00,0.00,1125.06,0.00,0.00,0.00,0.00,2.33,0,45.3647,-63.28,Nova Scotia,12954
109,Prince Rupert,0.00,56.25,12.78,6.14,7.16,3.57,2.04,1.02,2.36,4.08,0.00,3.60,0.00,7.16,0.00,0.00,0.00,0.00,0.00,0.00,0.00,3.06,1.02,17.90,0.00,0.00,15.35,2.30,0.00,4.61,4.08,34.78,2.21,30683.60,30149.03,271.03,0.28,61.37,76.71,10.23,12.27,1227.34,0.00,69.04,38.35,96.82,110.80,1738.73,1636.46,2147.85,2454.69,0.00,0.00,0.00,0.00,0,54.3122,-130.3271,British Columbia,12300
110,Whistler,20.45,102.27,12.27,7.16,8.18,5.29,2.30,2.07,4.28,3.68,5.31,4.77,13.54,18.57,17.64,3.84,2.22,4.42,8.27,1.73,2.53,3.48,3.75,20.45,5.41,6.61,16.37,2.55,51.14,3.35,2.04,34.32,2.21,30683.60,24819.20,114.98,0.30,77.35,80.59,15.35,15.35,1227.34,16364.59,67.76,40.27,115.06,131.25,2735.96,2250.13,5241.78,3963.30,0.00,0.00,1841.02,8.32,0,50.1208,-122.9544,British Columbia,13982
111,Williams Lake,0.00,0.00,0.00,0.00,0.00,0.00,0.00,0.00,6.64,3.64,2.10,5.05,0.00,15.84,0.00,1.73,0.70,1.82,2.70,2.75,2.94,2.03,3.67,31.67,3.66,3.06,13.76,1.79,0.00,6.14,1.90,40.92,2.15,30683.60,27615.24,76.71,0.26,61.37,0.00,30.68,0.00,0.00,0.00,81.81,153.41,127.84,332.40,1022.79,1507.46,1644.49,1644.49,0.00,0.00,0.00,0.00,0,52.1294,-122.1383,British Columbia,10947
112,Sechelt,5.12,102.27,7.67,5.12,7.16,4.61,2.17,2.04,2.44,3.81,9.91,4.86,18.38,25.06,21.98,5.04,2.68,4.89,5.46,5.02,2.51,2.88,2.55,15.35,2.93,3.06,15.86,2.04,0.00,3.74,2.35,40.92,2.21,34861.68,51139.34,109.03,0.51,99.72,52.41,61.37,15.35,1329.62,3886.59,112.51,59.66,109.10,143.19,1738.73,1534.17,2761.52,2250.13,0.00,0.00,0.00,7.34,0,49.4742,-123.7542,British Columbia,10847
113,Castlegar,33.24,92.05,12.78,6.14,7.16,4.35,2.80,1.90,1.16,2.55,3.57,4.69,15.35,0.00,22.54,2.70,0.00,3.35,6.29,1.13,0.00,1.93,0.00,0.00,5.53,4.61,16.10,2.43,0.00,4.86,0.00,0.00,2.21,19432.95,28126.64,226.64,0.00,100.23,46.02,0.00,13.29,0.00,0.00,92.05,0.00,104.84,81.82,1764.30,1355.19,1943.29,2045.57,0.00,0.00,4397.98,4.69,0,49.3256,-117.6661,British Columbia,8338
114,Banff,33.24,153.41,10.23,7.67,8.69,5.63,2.62,2.40,2.80,3.53,6.96,4.72,17.37,19.98,42.27,6.47,2.30,7.26,7.58,5.81,5.46,4.82,4.95,18.41,4.20,5.33,20.45,2.04,66.47,7.67,4.08,26.59,1.92,35797.53,30683.60,282.54,0.46,106.11,92.05,40.92,13.29,1201.77,0.00,84.37,81.82,138.08,178.99,1875.10,2045.57,3238.82,3272.92,7315.77,0.00,4432.08,9.08,0,51.1781,-115.5719,Alberta,8305
115,Peace River,19.43,58.82,11.25,7.67,8.69,5.92,2.51,2.57,3.09,3.48,5.00,5.26,9.20,12.27,0.00,5.63,0.90,0.00,0.00,0.00,0.00,2.55,0.00,0.00,0.00,0.00,20.45,0.00,0.00,10.23,1.53,0.00,1.82,0.00,0.00,107.45,0.00,95.88,0.00,0.00,17.90,0.00,0.00,48.58,0.00,81.82,0.00,0.00,0.00,0.00,0.00,0.00,0.00,0.00,7.55,0,56.2339,-117.2897,Alberta,6619
116,Parry Sound,0.00,0.00,12.27,8.18,8.18,4.35,3.33,2.30,2.28,2.53,2.55,3.57,18.41,0.00,0.00,0.00,1.52,0.00,0.00,0.00,0.00,0.00,0.00,13.80,2.55,2.97,15.35,0.00,0.00,0.00,0.00,0.00,1.99,0.00,0.00,0.00,0.00,0.00,0.00,0.00,0.00,0.00,0.00,0.00,0.00,0.00,0.00,1125.06,1022.79,1370.41,0.00,0.00,0.00,0.00,0.00,0,45.3333,-80.0333,Ontario,6879
117,La Ronge,0.00,51.14,12.27,6.14,6.65,3.06,2.55,2.04,2.55,2.55,8.18,3.48,13.29,12.49,13.52,5.11,3.06,5.11,4.08,6.13,3.06,1.01,1.28,15.86,0.00,6.65,15.86,0.00,0.00,5.12,4.08,56.25,0.00,28638.02,24546.87,260.81,0.00,69.04,53.70,0.00,13.04,409.11,0.00,46.02,51.14,102.27,86.94,818.23,818.23,1022.79,1022.79,0.00,0.00,0.00,3.64,0,55.1,-105.3,Saskatchewan,2521
118,Flin Flon,0.00,0.00,15.35,6.14,7.16,0.00,3.06,2.04,4.95,3.06,4.08,6.65,10.23,12.78,15.35,8.18,6.14,8.18,6.65,5.63,4.61,3.06,3.57,12.27,0.00,0.00,20.45,2.04,0.00,5.12,0.00,51.14,2.00,0.00,0.00,153.41,0.00,105.69,71.59,51.14,0.00,0.00,0.00,0.00,0.00,0.00,0.00,0.00,813.11,0.00,0.00,0.00,0.00,0.00,0.00,0,54.7667,-101.8778,Saskatchewan,5099
119,Iqaluit,40.92,102.49,18.92,9.20,12.27,5.12,4.86,5.63,3.49,4.07,9.47,5.12,12.14,16.39,15.79,8.18,5.33,8.86,5.30,4.95,5.30,4.62,5.53,20.45,0.00,0.00,20.45,8.69,0.00,8.18,0.00,0.00,0.00,0.00,0.00,357.97,0.10,115.92,98.86,0.00,13.81,0.00,0.00,0.00,0.00,0.00,0.00,0.00,0.00,4091.15,4091.15,0.00,0.00,0.00,9.01,0,63.7598,-68.5107,Nunavut,7429
